,Date,AQI
0,2018-01-01,75.0
1,2018-01-02,76.0
2,2018-01-03,79.0
3,2018-01-04,84.0
4,2018-01-05,97.0
5,2018-01-06,84.0
6,2018-01-07,63.0
7,2018-01-08,65.0
8,2018-01-09,78.0
9,2018-01-10,104.0
10,2018-01-11,106.0
11,2018-01-12,97.0
12,2018-01-13,94.0
13,2018-01-14,94.0
14,2018-01-15,82.0
15,2018-01-16,94.0
16,2018-01-17,65.0
17,2018-01-18,53.0
18,2018-01-19,61.0
19,2018-01-20,71.0
20,2018-01-21,68.0
21,2018-01-22,72.0
22,2018-01-23,62.0
23,2018-01-24,69.0
24,2018-01-25,65.0
25,2018-01-26,72.0
26,2018-01-27,69.0
27,2018-01-28,69.0
28,2018-01-29,85.0
29,2018-01-30,103.0
30,2018-01-31,
31,2018-02-01,73.0
32,2018-02-02,70.0
33,2018-02-03,89.0
34,2018-02-04,93.0
35,2018-02-05,87.0
36,2018-02-06,75.0
37,2018-02-07,75.0
38,2018-02-08,53.0
39,2018-02-09,70.0
40,2018-02-10,89.0
41,2018-02-11,128.0
42,2018-02-12,70.0
43,2018-02-13,84.0
44,2018-02-14,
45,2018-02-15,115.0
46,2018-02-16,134.0
47,2018-02-17,114.0
48,2018-02-18,116.0
49,2018-02-19,111.0
50,2018-02-20,123.0
51,2018-02-21,137.0
52,2018-02-22,139.0
53,2018-02-23,132.0
54,2018-02-24,116.0
55,2018-02-25,168.0
56,2018-02-26,435.0
57,2018-02-27,121.0
58,2018-02-28,143.0
59,2018-03-01,114.0
60,2018-03-02,127.0
61,2018-03-03,132.0
62,2018-03-04,126.0
63,2018-03-05,117.0
64,2018-03-06,149.0
65,2018-03-07,153.0
66,2018-03-08,113.0
67,2018-03-09,108.0
68,2018-03-10,136.0
69,2018-03-11,126.0
70,2018-03-12,120.0
71,2018-03-13,131.0
72,2018-03-14,124.0
73,2018-03-15,130.0
74,2018-03-16,94.0
75,2018-03-17,118.0
76,2018-03-18,113.0
77,2018-03-19,89.0
78,2018-03-20,82.0
79,2018-03-21,81.0
80,2018-03-22,91.0
81,2018-03-23,95.0
82,2018-03-24,117.0
83,2018-03-25,98.0
84,2018-03-26,149.0
85,2018-03-27,124.0
86,2018-03-28,98.0
87,2018-03-29,93.0
88,2018-03-30,81.0
89,2018-03-31,86.0
90,2018-04-01,93.0
91,2018-04-02,105.0
92,2018-04-03,102.0
93,2018-04-04,113.0
94,2018-04-05,130.0
95,2018-04-06,123.0
96,2018-04-07,137.0
97,2018-04-08,124.0
98,2018-04-09,100.0
99,2018-04-10,110.0
100,2018-04-11,109.0
101,2018-04-12,103.0
102,2018-04-13,113.0
103,2018-04-14,96.0
104,2018-04-15,98.0
105,2018-04-16,91.0
106,2018-04-17,111.0
107,2018-04-18,106.0
108,2018-04-19,110.0
109,2018-04-20,95.0
110,2018-04-21,78.0
111,2018-04-22,102.0
112,2018-04-23,94.0
113,2018-04-24,103.0
114,2018-04-25,94.0
115,2018-04-26,86.0
116,2018-04-27,78.0
117,2018-04-28,81.0
118,2018-04-29,81.0
119,2018-04-30,77.0
120,2018-05-01,99.0
121,2018-05-02,97.0
122,2018-05-03,80.0
123,2018-05-04,93.0
124,2018-05-05,88.0
125,2018-05-06,102.0
126,2018-05-07,76.0
127,2018-05-08,87.0
128,2018-05-09,98.0
129,2018-05-10,111.0
130,2018-05-11,92.0
131,2018-05-12,
132,2018-05-13,
133,2018-05-14,
134,2018-05-15,
135,2018-05-16,
136,2018-05-17,
137,2018-05-18,
138,2018-05-19,106.0
139,2018-05-20,121.0
140,2018-05-21,
141,2018-05-22,112.0
142,2018-05-23,101.0
143,2018-05-24,122.0
144,2018-05-25,108.0
145,2018-05-26,83.0
146,2018-05-27,99.0
147,2018-05-28,83.0
148,2018-05-29,79.0
149,2018-05-30,69.0
150,2018-05-31,83.0
151,2018-06-01,94.0
152,2018-06-02,77.0
153,2018-06-03,49.0
154,2018-06-04,53.0
155,2018-06-05,67.0
156,2018-06-06,71.0
157,2018-06-07,57.0
158,2018-06-08,58.0
159,2018-06-09,52.0
160,2018-06-10,51.0
161,2018-06-11,69.0
162,2018-06-12,86.0
163,2018-06-13,95.0
164,2018-06-14,90.0
165,2018-06-15,73.0
166,2018-06-16,64.0
167,2018-06-17,58.0
168,2018-06-18,56.0
169,2018-06-19,59.0
170,2018-06-20,70.0
171,2018-06-21,90.0
172,2018-06-22,54.0
173,2018-06-23,52.0
174,2018-06-24,50.0
175,2018-06-25,52.0
176,2018-06-26,52.0
177,2018-06-27,52.0
178,2018-06-28,58.0
179,2018-06-29,53.0
180,2018-06-30,52.0
181,2018-07-01,49.0
182,2018-07-02,52.0
183,2018-07-03,54.0
184,2018-07-04,52.0
185,2018-07-05,
186,2018-07-06,55.0
187,2018-07-07,53.0
188,2018-07-08,50.0
189,2018-07-09,57.0
190,2018-07-10,57.0
191,2018-07-11,54.0
192,2018-07-12,56.0
193,2018-07-13,57.0
194,2018-07-14,55.0
195,2018-07-15,54.0
196,2018-07-16,58.0
197,2018-07-17,60.0
198,2018-07-18,56.0
199,2018-07-19,57.0
200,2018-07-20,56.0
201,2018-07-21,54.0
202,2018-07-22,53.0
203,2018-07-23,56.0
204,2018-07-24,56.0
205,2018-07-25,55.0
206,2018-07-26,61.0
207,2018-07-27,62.0
208,2018-07-28,63.0
209,2018-07-29,71.0
210,2018-07-30,63.0
211,2018-07-31,75.0
212,2018-08-01,87.0
213,2018-08-02,73.0
214,2018-08-03,51.0
215,2018-08-04,52.0
216,2018-08-05,49.0
217,2018-08-06,52.0
218,2018-08-07,53.0
219,2018-08-08,54.0
220,2018-08-09,50.0
221,2018-08-10,53.0
222,2018-08-11,50.0
223,2018-08-12,49.0
224,2018-08-13,55.0
225,2018-08-14,49.0
226,2018-08-15,49.0
227,2018-08-16,53.0
228,2018-08-17,52.0
229,2018-08-18,55.0
230,2018-08-19,50.0
231,2018-08-20,54.0
232,2018-08-21,60.0
233,2018-08-22,53.0
234,2018-08-23,57.0
235,2018-08-24,53.0
236,2018-08-25,53.0
237,2018-08-26,51.0
238,2018-08-27,56.0
239,2018-08-28,56.0
240,2018-08-29,56.0
241,2018-08-30,68.0
242,2018-08-31,54.0
243,2018-09-01,50.0
244,2018-09-02,46.0
245,2018-09-03,51.0
246,2018-09-04,51.0
247,2018-09-05,52.0
248,2018-09-06,54.0
249,2018-09-07,50.0
250,2018-09-08,49.0
251,2018-09-09,54.0
252,2018-09-10,51.0
253,2018-09-11,58.0
254,2018-09-12,63.0
255,2018-09-13,50.0
256,2018-09-14,50.0
257,2018-09-15,54.0
258,2018-09-16,52.0
259,2018-09-17,50.0
260,2018-09-18,55.0
261,2018-09-19,57.0
262,2018-09-20,87.0
263,2018-09-21,75.0
264,2018-09-22,90.0
265,2018-09-23,79.0
266,2018-09-24,76.0
267,2018-09-25,75.0
268,2018-09-26,94.0
269,2018-09-27,94.0
270,2018-09-28,84.0
271,2018-09-29,74.0
272,2018-09-30,82.0
273,2018-10-01,87.0
274,2018-10-02,87.0
275,2018-10-03,65.0
276,2018-10-04,78.0
277,2018-10-05,73.0
278,2018-10-06,105.0
279,2018-10-07,115.0
280,2018-10-08,107.0
281,2018-10-09,106.0
282,2018-10-10,121.0
283,2018-10-11,126.0
284,2018-10-12,133.0
285,2018-10-13,122.0
286,2018-10-14,107.0
287,2018-10-15,112.0
288,2018-10-16,115.0
289,2018-10-17,113.0
290,2018-10-18,83.0
291,2018-10-19,82.0
292,2018-10-20,90.0
293,2018-10-21,107.0
294,2018-10-22,104.0
295,2018-10-23,99.0
296,2018-10-24,97.0
297,2018-10-25,114.0
298,2018-10-26,99.0
299,2018-10-27,126.0
300,2018-10-28,117.0
301,2018-10-29,103.0
302,2018-10-30,116.0
303,2018-10-31,148.0
304,2018-11-01,158.0
305,2018-11-02,96.0
306,2018-11-03,118.0
307,2018-11-04,91.0
308,2018-11-05,98.0
309,2018-11-06,99.0
310,2018-11-07,104.0
311,2018-11-08,186.0
312,2018-11-09,141.0
313,2018-11-10,123.0
314,2018-11-11,126.0
315,2018-11-12,112.0
316,2018-11-13,138.0
317,2018-11-14,127.0
318,2018-11-15,130.0
319,2018-11-16,136.0
320,2018-11-17,129.0
321,2018-11-18,132.0
322,2018-11-19,121.0
323,2018-11-20,113.0
324,2018-11-21,115.0
325,2018-11-22,130.0
326,2018-11-23,209.0
327,2018-11-24,239.0
328,2018-11-25,169.0
329,2018-11-26,184.0
330,2018-11-27,209.0
331,2018-11-28,175.0
332,2018-11-29,195.0
333,2018-11-30,197.0
334,2018-12-01,200.0
335,2018-12-02,243.0
336,2018-12-03,230.0
337,2018-12-04,227.0
338,2018-12-05,203.0
339,2018-12-06,124.0
340,2018-12-07,133.0
341,2018-12-08,143.0
342,2018-12-09,90.0
343,2018-12-10,92.0
344,2018-12-11,115.0
345,2018-12-12,135.0
346,2018-12-13,98.0
347,2018-12-14,178.0
348,2018-12-15,175.0
349,2018-12-16,237.0
350,2018-12-17,214.0
351,2018-12-18,211.0
352,2018-12-19,171.0
353,2018-12-20,184.0
354,2018-12-21,178.0
355,2018-12-22,150.0
356,2018-12-23,183.0
357,2018-12-24,178.0
358,2018-12-25,152.0
359,2018-12-26,121.0
360,2018-12-27,143.0
361,2018-12-28,241.0
362,2018-12-29,
363,2018-12-30,
364,2018-12-31,
365,2019-01-01,
366,2019-01-02,206.0
367,2019-01-03,162.0
368,2019-01-04,182.0
369,2019-01-05,202.0
370,2019-01-06,201.0
371,2019-01-07,170.0
372,2019-01-08,221.0
373,2019-01-09,206.0
374,2019-01-10,244.0
375,2019-01-11,251.0
376,2019-01-12,212.0
377,2019-01-13,180.0
378,2019-01-14,172.0
379,2019-01-15,241.0
380,2019-01-16,223.0
381,2019-01-17,221.0
382,2019-01-18,216.0
383,2019-01-19,218.0
384,2019-01-20,199.0
385,2019-01-21,195.0
386,2019-01-22,100.0
387,2019-01-23,81.0
388,2019-01-24,105.0
389,2019-01-25,130.0
390,2019-01-26,139.0
391,2019-01-27,123.0
392,2019-01-28,109.0
393,2019-01-29,130.0
394,2019-01-30,188.0
395,2019-01-31,170.0
396,2019-02-01,199.0
397,2019-02-02,138.0
398,2019-02-03,148.0
399,2019-02-04,140.0
400,2019-02-05,151.0
401,2019-02-06,157.0
402,2019-02-07,82.0
403,2019-02-08,94.0
404,2019-02-09,148.0
405,2019-02-10,232.0
406,2019-02-11,191.0
407,2019-02-12,179.0
408,2019-02-13,128.0
409,2019-02-14,118.0
410,2019-02-15,101.0
411,2019-02-16,86.0
412,2019-02-17,97.0
413,2019-02-18,132.0
414,2019-02-19,112.0
415,2019-02-20,162.0
416,2019-02-21,102.0
417,2019-02-22,102.0
418,2019-02-23,116.0
419,2019-02-24,109.0
420,2019-02-25,100.0
421,2019-02-26,109.0
422,2019-02-27,118.0
423,2019-02-28,102.0
424,2019-03-01,130.0
425,2019-03-02,150.0
426,2019-03-03,90.0
427,2019-03-04,67.0
428,2019-03-05,111.0
429,2019-03-06,114.0
430,2019-03-07,108.0
431,2019-03-08,125.0
432,2019-03-09,125.0
433,2019-03-10,133.0
434,2019-03-11,119.0
435,2019-03-12,143.0
436,2019-03-13,121.0
437,2019-03-14,117.0
438,2019-03-15,133.0
439,2019-03-16,124.0
440,2019-03-17,100.0
441,2019-03-18,113.0
442,2019-03-19,125.0
443,2019-03-20,116.0
444,2019-03-21,101.0
445,2019-03-22,
446,2019-03-23,127.0
447,2019-03-24,128.0
448,2019-03-25,168.0
449,2019-03-26,166.0
450,2019-03-27,141.0
451,2019-03-28,145.0
452,2019-03-29,136.0
453,2019-03-30,135.0
454,2019-03-31,114.0
455,2019-04-01,95.0
456,2019-04-02,81.0
457,2019-04-03,99.0
458,2019-04-04,104.0
459,2019-04-05,102.0
460,2019-04-06,78.0
461,2019-04-07,86.0
462,2019-04-08,88.0
463,2019-04-09,84.0
464,2019-04-10,87.0
465,2019-04-11,101.0
466,2019-04-12,94.0
467,2019-04-13,114.0
468,2019-04-14,78.0
469,2019-04-15,80.0
470,2019-04-16,112.0
471,2019-04-17,127.0
472,2019-04-18,74.0
473,2019-04-19,121.0
474,2019-04-20,78.0
475,2019-04-21,65.0
476,2019-04-22,63.0
477,2019-04-23,68.0
478,2019-04-24,62.0
479,2019-04-25,95.0
480,2019-04-26,114.0
481,2019-04-27,140.0
482,2019-04-28,
483,2019-04-29,
484,2019-04-30,
485,2019-05-01,130.0
486,2019-05-02,106.0
487,2019-05-03,108.0
488,2019-05-04,92.0
489,2019-05-05,87.0
490,2019-05-06,89.0
491,2019-05-07,101.0
492,2019-05-08,69.0
493,2019-05-09,64.0
494,2019-05-10,56.0
495,2019-05-11,68.0
496,2019-05-12,77.0
497,2019-05-13,74.0
498,2019-05-14,
499,2019-05-15,
500,2019-05-16,
501,2019-05-17,
502,2019-05-18,
503,2019-05-19,
504,2019-05-20,
505,2019-05-21,86.0
506,2019-05-22,80.0
507,2019-05-23,70.0
508,2019-05-24,79.0
509,2019-05-25,97.0
510,2019-05-26,79.0
511,2019-05-27,
512,2019-05-28,
513,2019-05-29,
514,2019-05-30,
515,2019-05-31,68.0
516,2019-06-01,64.0
517,2019-06-02,59.0
518,2019-06-03,
519,2019-06-04,
520,2019-06-05,71.0
521,2019-06-06,64.0
522,2019-06-07,60.0
523,2019-06-08,75.0
524,2019-06-09,66.0
525,2019-06-10,45.0
526,2019-06-11,45.0
527,2019-06-12,65.0
528,2019-06-13,65.0
529,2019-06-14,62.0
530,2019-06-15,61.0
531,2019-06-16,61.0
532,2019-06-17,60.0
533,2019-06-18,61.0
534,2019-06-19,62.0
535,2019-06-20,65.0
536,2019-06-21,72.0
537,2019-06-22,80.0
538,2019-06-23,83.0
539,2019-06-24,63.0
540,2019-06-25,64.0
541,2019-06-26,63.0
542,2019-06-27,63.0
543,2019-06-28,
544,2019-06-29,63.0
545,2019-06-30,63.0
546,2019-07-01,62.0
547,2019-07-02,64.0
548,2019-07-03,64.0
549,2019-07-04,62.0
550,2019-07-05,64.0
551,2019-07-06,63.0
552,2019-07-07,62.0
553,2019-07-08,61.0
554,2019-07-09,63.0
555,2019-07-10,19.0
556,2019-07-11,87.0
557,2019-07-12,65.0
558,2019-07-13,68.0
559,2019-07-14,68.0
560,2019-07-15,68.0
561,2019-07-16,68.0
562,2019-07-17,68.0
563,2019-07-18,68.0
564,2019-07-19,68.0
565,2019-07-20,68.0
566,2019-07-21,68.0
567,2019-07-22,68.0
568,2019-07-23,68.0
569,2019-07-24,68.0
570,2019-07-25,69.0
571,2019-07-26,68.0
572,2019-07-27,68.0
573,2019-07-28,68.0
574,2019-07-29,68.0
575,2019-07-30,74.0
576,2019-07-31,74.0
577,2019-08-01,74.0
578,2019-08-02,74.0
579,2019-08-03,74.0
580,2019-08-04,75.0
581,2019-08-05,74.0
582,2019-08-06,74.0
583,2019-08-07,74.0
584,2019-08-08,74.0
585,2019-08-09,74.0
586,2019-08-10,74.0
587,2019-08-11,74.0
588,2019-08-12,74.0
589,2019-08-13,74.0
590,2019-08-14,74.0
591,2019-08-15,74.0
592,2019-08-16,74.0
593,2019-08-17,74.0
594,2019-08-18,74.0
595,2019-08-19,74.0
596,2019-08-20,74.0
597,2019-08-21,74.0
598,2019-08-22,74.0
599,2019-08-23,74.0
600,2019-08-24,74.0
601,2019-08-25,74.0
602,2019-08-26,74.0
603,2019-08-27,74.0
604,2019-08-28,74.0
605,2019-08-29,74.0
606,2019-08-30,74.0
607,2019-08-31,74.0
608,2019-09-01,74.0
609,2019-09-02,74.0
610,2019-09-03,74.0
611,2019-09-04,74.0
612,2019-09-05,74.0
613,2019-09-06,74.0
614,2019-09-07,74.0
615,2019-09-08,74.0
616,2019-09-09,74.0
617,2019-09-10,74.0
618,2019-09-11,74.0
619,2019-09-12,74.0
620,2019-09-13,74.0
621,2019-09-14,74.0
622,2019-09-15,74.0
623,2019-09-16,74.0
624,2019-09-17,74.0
625,2019-09-18,74.0
626,2019-09-19,74.0
627,2019-09-20,
628,2019-09-21,
629,2019-09-22,86.0
630,2019-09-23,86.0
631,2019-09-24,86.0
632,2019-09-25,86.0
633,2019-09-26,87.0
634,2019-09-27,86.0
635,2019-09-28,86.0
636,2019-09-29,86.0
637,2019-09-30,86.0
638,2019-10-01,86.0
639,2019-10-02,86.0
640,2019-10-03,85.0
641,2019-10-04,86.0
642,2019-10-05,86.0
643,2019-10-06,86.0
644,2019-10-07,86.0
645,2019-10-08,86.0
646,2019-10-09,86.0
647,2019-10-10,
648,2019-10-11,
649,2019-10-12,86.0
650,2019-10-13,86.0
651,2019-10-14,85.0
652,2019-10-15,168.0
653,2019-10-16,156.0
654,2019-10-17,194.0
655,2019-10-18,
656,2019-10-19,
657,2019-10-20,86.0
658,2019-10-21,86.0
659,2019-10-22,86.0
660,2019-10-23,87.0
661,2019-10-24,82.0
662,2019-10-25,83.0
663,2019-10-26,83.0
664,2019-10-27,82.0
665,2019-10-28,123.0
666,2019-10-29,99.0
667,2019-10-30,101.0
668,2019-10-31,100.0
669,2019-11-01,94.0
670,2019-11-02,92.0
671,2019-11-03,92.0
672,2019-11-04,92.0
673,2019-11-05,91.0
674,2019-11-06,84.0
675,2019-11-07,85.0
676,2019-11-08,83.0
677,2019-11-09,78.0
678,2019-11-10,79.0
679,2019-11-11,81.0
680,2019-11-12,135.0
681,2019-11-13,135.0
682,2019-11-14,155.0
683,2019-11-15,168.0
684,2019-11-16,140.0
685,2019-11-17,157.0
686,2019-11-18,174.0
687,2019-11-19,202.0
688,2019-11-20,205.0
689,2019-11-21,214.0
690,2019-11-22,206.0
691,2019-11-23,179.0
692,2019-11-24,187.0
693,2019-11-25,193.0
694,2019-11-26,174.0
695,2019-11-27,173.0
696,2019-11-28,196.0
697,2019-11-29,178.0
698,2019-11-30,178.0
699,2019-12-01,169.0
700,2019-12-02,124.0
701,2019-12-03,85.0
702,2019-12-04,85.0
703,2019-12-05,151.0
704,2019-12-06,215.0
705,2019-12-07,172.0
706,2019-12-08,211.0
707,2019-12-09,134.0
708,2019-12-10,169.0
709,2019-12-11,128.0
710,2019-12-12,134.0
711,2019-12-13,121.0
712,2019-12-14,118.0
713,2019-12-15,132.0
714,2019-12-16,130.0
715,2019-12-17,151.0
716,2019-12-18,165.0
717,2019-12-19,193.0
718,2019-12-20,214.0
719,2019-12-21,179.0
720,2019-12-22,213.0
721,2019-12-23,207.0
722,2019-12-24,205.0
723,2019-12-25,201.0
724,2019-12-26,167.0
725,2019-12-27,146.0
726,2019-12-28,184.0
727,2019-12-29,144.0
728,2019-12-30,152.0
729,2019-12-31,125.0
730,2020-01-01,130.0
731,2020-01-02,116.0
732,2020-01-03,108.0
733,2020-01-04,149.0
734,2020-01-05,198.0
735,2020-01-06,170.0
736,2020-01-07,230.0
737,2020-01-08,105.0
738,2020-01-09,115.0
739,2020-01-10,172.0
740,2020-01-11,219.0
741,2020-01-12,210.0
742,2020-01-13,188.0
743,2020-01-14,113.0
744,2020-01-15,141.0
745,2020-01-16,100.0
746,2020-01-17,117.0
747,2020-01-18,163.0
748,2020-01-19,202.0
749,2020-01-20,182.0
750,2020-01-21,170.0
751,2020-01-22,149.0
752,2020-01-23,169.0
753,2020-01-24,181.0
754,2020-01-25,198.0
755,2020-01-26,221.0
756,2020-01-27,155.0
757,2020-01-28,111.0
758,2020-01-29,83.0
759,2020-01-30,100.0
760,2020-01-31,142.0
761,2020-02-01,153.0
762,2020-02-02,165.0
763,2020-02-03,104.0
764,2020-02-04,95.0
765,2020-02-05,128.0
766,2020-02-06,109.0
767,2020-02-07,88.0
768,2020-02-08,100.0
769,2020-02-09,91.0
770,2020-02-10,76.0
771,2020-02-11,75.0
772,2020-02-12,104.0
773,2020-02-13,108.0
774,2020-02-14,147.0
775,2020-02-15,119.0
776,2020-02-16,116.0
777,2020-02-17,94.0
778,2020-02-18,204.0
779,2020-02-19,132.0
780,2020-02-20,151.0
781,2020-02-21,136.0
782,2020-02-22,146.0
783,2020-02-23,123.0
784,2020-02-24,150.0
785,2020-02-25,111.0
786,2020-02-26,122.0
787,2020-02-27,166.0
788,2020-02-28,169.0
789,2020-02-29,
790,2020-03-01,86.0
791,2020-03-02,100.0
792,2020-03-03,133.0
793,2020-03-04,91.0
794,2020-03-05,103.0
795,2020-03-06,93.0
796,2020-03-07,91.0
797,2020-03-08,93.0
798,2020-03-09,82.0
799,2020-03-10,82.0
800,2020-03-11,89.0
801,2020-03-12,81.0
802,2020-03-13,83.0
803,2020-03-14,107.0
804,2020-03-15,134.0
805,2020-03-16,145.0
806,2020-03-17,92.0
807,2020-03-18,95.0
808,2020-03-19,88.0
809,2020-03-20,80.0
810,2020-03-21,81.0
811,2020-03-22,82.0
812,2020-03-23,74.0
813,2020-03-24,62.0
814,2020-03-25,54.0
815,2020-03-26,60.0
816,2020-03-27,59.0
817,2020-03-28,67.0
818,2020-03-29,62.0
819,2020-03-30,61.0
820,2020-03-31,53.0
821,2020-04-01,49.0
822,2020-04-02,49.0
823,2020-04-03,53.0
824,2020-04-04,50.0
825,2020-04-05,48.0
826,2020-04-06,50.0
827,2020-04-07,52.0
828,2020-04-08,71.0
829,2020-04-09,61.0
830,2020-04-10,50.0
831,2020-04-11,51.0
832,2020-04-12,51.0
833,2020-04-13,51.0
834,2020-04-14,58.0
835,2020-04-15,51.0
836,2020-04-16,58.0
837,2020-04-17,48.0
838,2020-04-18,52.0
839,2020-04-19,51.0
840,2020-04-20,52.0
841,2020-04-21,50.0
842,2020-04-22,50.0
843,2020-04-23,50.0
844,2020-04-24,52.0
845,2020-04-25,51.0
846,2020-04-26,100.0
847,2020-04-27,48.0
848,2020-04-28,53.0
849,2020-04-29,50.0
850,2020-04-30,51.0
851,2020-05-01,52.0
852,2020-05-02,50.0
853,2020-05-03,50.0
854,2020-05-04,48.0
855,2020-05-05,49.0
856,2020-05-06,49.0
857,2020-05-07,101.0
858,2020-05-08,385.0
859,2020-05-09,49.0
860,2020-05-10,51.0
861,2020-05-11,52.0
862,2020-05-12,52.0
863,2020-05-13,52.0
864,2020-05-14,55.0
865,2020-05-15,55.0
866,2020-05-16,54.0
867,2020-05-17,51.0
868,2020-05-18,53.0
869,2020-05-19,58.0
870,2020-05-20,53.0
871,2020-05-21,56.0
872,2020-05-22,55.0
873,2020-05-23,74.0
874,2020-05-24,57.0
875,2020-05-25,59.0
876,2020-05-26,55.0
877,2020-05-27,58.0
878,2020-05-28,59.0
879,2020-05-29,75.0
880,2020-05-30,57.0
881,2020-05-31,59.0
882,2020-06-01,61.0
883,2020-06-02,62.0
884,2020-06-03,59.0
885,2020-06-04,61.0
886,2020-06-05,59.0
887,2020-06-06,58.0
888,2020-06-07,58.0
889,2020-06-08,61.0
890,2020-06-09,49.0
891,2020-06-10,46.0
892,2020-06-11,45.0
893,2020-06-12,46.0
894,2020-06-13,46.0
895,2020-06-14,44.0
896,2020-06-15,
897,2020-06-16,
898,2020-06-17,
899,2020-06-18,
900,2020-06-19,
901,2020-06-20,
902,2020-06-21,
903,2020-06-22,
904,2020-06-23,46.0
905,2020-06-24,62.0
906,2020-06-25,81.0
907,2020-06-26,78.0
908,2020-06-27,77.0
909,2020-06-28,79.0
910,2020-06-29,76.0
911,2020-06-30,79.0
912,2020-07-01,78.0
913,2020-07-02,69.0
914,2020-07-03,66.0
915,2020-07-04,63.0
916,2020-07-05,61.0
917,2020-07-06,59.0
918,2020-07-07,60.0
919,2020-07-08,63.0
920,2020-07-09,67.0
921,2020-07-10,67.0
922,2020-07-11,57.0
923,2020-07-12,56.0
924,2020-07-13,56.0
925,2020-07-14,55.0
926,2020-07-15,55.0
927,2020-07-16,56.0
928,2020-07-17,54.0
929,2020-07-18,52.0
930,2020-07-19,57.0
931,2020-07-20,52.0
932,2020-07-21,55.0
933,2020-07-22,54.0
934,2020-07-23,50.0
935,2020-07-24,47.0
936,2020-07-25,48.0
937,2020-07-26,49.0
938,2020-07-27,48.0
939,2020-07-28,50.0
940,2020-07-29,54.0
941,2020-07-30,51.0
942,2020-07-31,50.0
943,2020-08-01,51.0
944,2020-08-02,48.0
945,2020-08-03,46.0
946,2020-08-04,
947,2020-08-05,46.0
948,2020-08-06,46.0
949,2020-08-07,47.0
950,2020-08-08,47.0
951,2020-08-09,44.0
952,2020-08-10,43.0
953,2020-08-11,46.0
954,2020-08-12,49.0
955,2020-08-13,48.0
956,2020-08-14,48.0
957,2020-08-15,50.0
958,2020-08-16,47.0
959,2020-08-17,47.0
960,2020-08-18,50.0
961,2020-08-19,50.0
962,2020-08-20,51.0
963,2020-08-21,50.0
964,2020-08-22,49.0
965,2020-08-23,47.0
966,2020-08-24,50.0
967,2020-08-25,56.0
968,2020-08-26,53.0
969,2020-08-27,55.0
970,2020-08-28,55.0
971,2020-08-29,55.0
972,2020-08-30,57.0
973,2020-08-31,59.0
974,2020-09-01,62.0
975,2020-09-02,63.0
976,2020-09-03,60.0
977,2020-09-04,59.0
978,2020-09-05,56.0
979,2020-09-06,57.0
980,2020-09-07,57.0
981,2020-09-08,52.0
982,2020-09-09,52.0
983,2020-09-10,53.0
984,2020-09-11,53.0
985,2020-09-12,43.0
986,2020-09-13,45.0
987,2020-09-14,44.0
988,2020-09-15,46.0
989,2020-09-16,45.0
990,2020-09-17,50.0
991,2020-09-18,49.0
992,2020-09-19,
993,2020-09-20,
994,2020-09-21,
995,2020-09-22,
996,2020-09-23,
997,2020-09-24,
998,2020-09-25,47.0
999,2020-09-26,
1000,2020-09-27,
1001,2020-09-28,
1002,2020-09-29,
1003,2020-09-30,
1004,2020-10-01,
1005,2020-10-02,
1006,2020-10-03,
1007,2020-10-04,
1008,2020-10-05,
1009,2020-10-06,
1010,2020-10-07,
1011,2020-10-08,
1012,2020-10-09,
1013,2020-10-10,
1014,2020-10-11,
1015,2020-10-12,
1016,2020-10-13,
1017,2020-10-14,
1018,2020-10-15,
1019,2020-10-16,
1020,2020-10-17,
1021,2020-10-18,
1022,2020-10-19,
1023,2020-10-20,
1024,2020-10-21,
1025,2020-10-22,53.0
1026,2020-10-23,47.0
1027,2020-10-24,
1028,2020-10-25,49.0
1029,2020-10-26,
1030,2020-10-27,102.0
1031,2020-10-28,
1032,2020-10-29,
1033,2020-10-30,
1034,2020-10-31,68.0
1035,2020-11-01,82.0
1036,2020-11-02,119.0
1037,2020-11-03,98.0
1038,2020-11-04,79.0
1039,2020-11-05,60.0
1040,2020-11-06,65.0
1041,2020-11-07,75.0
1042,2020-11-08,77.0
1043,2020-11-09,62.0
1044,2020-11-10,68.0
1045,2020-11-11,78.0
1046,2020-11-12,
1047,2020-11-13,
1048,2020-11-14,96.0
1049,2020-11-15,195.0
1050,2020-11-16,125.0
1051,2020-11-17,66.0
1052,2020-11-18,76.0
1053,2020-11-19,91.0
1054,2020-11-20,62.0
1055,2020-11-21,64.0
1056,2020-11-22,80.0
1057,2020-11-23,85.0
1058,2020-11-24,97.0
1059,2020-11-25,165.0
1060,2020-11-26,151.0
1061,2020-11-27,120.0
1062,2020-11-28,70.0
1063,2020-11-29,71.0
1064,2020-11-30,106.0
1065,2020-12-01,121.0
1066,2020-12-02,136.0
1067,2020-12-03,136.0
1068,2020-12-04,148.0
1069,2020-12-05,137.0
1070,2020-12-06,149.0
1071,2020-12-07,145.0
1072,2020-12-08,112.0
1073,2020-12-09,121.0
1074,2020-12-10,92.0
1075,2020-12-11,111.0
1076,2020-12-12,141.0
1077,2020-12-13,121.0
1078,2020-12-14,108.0
1079,2020-12-15,160.0
1080,2020-12-16,125.0
1081,2020-12-17,116.0
1082,2020-12-18,112.0
1083,2020-12-19,158.0
1084,2020-12-20,140.0
1085,2020-12-21,120.0
1086,2020-12-22,82.0
1087,2020-12-23,
1088,2020-12-24,182.0
1089,2020-12-25,170.0
1090,2020-12-26,138.0
1091,2020-12-27,179.0
1092,2020-12-28,136.0
1093,2020-12-29,114.0
1094,2020-12-30,130.0
1095,2020-12-31,147.0
1096,2021-01-01,144.0
1097,2021-01-02,156.0
1098,2021-01-03,177.0
1099,2021-01-04,148.0
1100,2021-01-05,114.0
1101,2021-01-06,81.0
1102,2021-01-07,113.0
1103,2021-01-08,51.0
1104,2021-01-09,77.0
1105,2021-01-10,72.0
1106,2021-01-11,102.0
1107,2021-01-12,97.0
1108,2021-01-13,129.0
1109,2021-01-14,90.0
1110,2021-01-15,118.0
1111,2021-01-16,99.0
1112,2021-01-17,76.0
1113,2021-01-18,129.0
1114,2021-01-19,136.0
1115,2021-01-20,106.0
1116,2021-01-21,87.0
1117,2021-01-22,131.0
1118,2021-01-23,182.0
1119,2021-01-24,112.0
1120,2021-01-25,128.0
1121,2021-01-26,130.0
1122,2021-01-27,134.0
1123,2021-01-28,163.0
1124,2021-01-29,156.0
1125,2021-01-30,144.0
1126,2021-01-31,144.0
1127,2021-02-01,178.0
1128,2021-02-02,130.0
1129,2021-02-03,155.0
1130,2021-02-04,169.0
1131,2021-02-05,135.0
1132,2021-02-06,107.0
1133,2021-02-07,104.0
1134,2021-02-08,114.0
1135,2021-02-09,130.0
1136,2021-02-10,146.0
1137,2021-02-11,135.0
1138,2021-02-12,131.0
1139,2021-02-13,170.0
1140,2021-02-14,145.0
1141,2021-02-15,141.0
1142,2021-02-16,120.0
1143,2021-02-17,97.0
1144,2021-02-18,113.0
1145,2021-02-19,66.0
1146,2021-02-20,110.0
1147,2021-02-21,98.0
1148,2021-02-22,108.0
1149,2021-02-23,117.0
1150,2021-02-24,120.0
1151,2021-02-25,113.0
1152,2021-02-26,93.0
1153,2021-02-27,88.0
1154,2021-02-28,101.0
1155,2021-03-01,92.0
1156,2021-03-02,118.0
1157,2021-03-03,103.0
1158,2021-03-04,124.0
1159,2021-03-05,111.0
1160,2021-03-06,117.0
1161,2021-03-07,123.0
1162,2021-03-08,96.0
1163,2021-03-09,124.0
1164,2021-03-10,119.0
1165,2021-03-11,108.0
1166,2021-03-12,97.0
1167,2021-03-13,102.0
1168,2021-03-14,109.0
1169,2021-03-15,113.0
1170,2021-03-16,110.0
1171,2021-03-17,131.0
1172,2021-03-18,125.0
1173,2021-03-19,86.0
1174,2021-03-20,95.0
1175,2021-03-21,151.0
1176,2021-03-22,112.0
1177,2021-03-23,103.0
1178,2021-03-24,162.0
1179,2021-03-25,140.0
1180,2021-03-26,111.0
1181,2021-03-27,137.0
1182,2021-03-28,143.0
1183,2021-03-29,125.0
1184,2021-03-30,92.0
1185,2021-03-31,80.0
1186,2021-04-01,82.0
1187,2021-04-02,115.0
1188,2021-04-03,104.0
1189,2021-04-04,97.0
1190,2021-04-05,106.0
1191,2021-04-06,111.0
1192,2021-04-07,99.0
1193,2021-04-08,103.0
1194,2021-04-09,93.0
1195,2021-04-10,99.0
1196,2021-04-11,92.0
1197,2021-04-12,86.0
1198,2021-04-13,103.0
1199,2021-04-14,86.0
1200,2021-04-15,80.0
1201,2021-04-16,82.0
1202,2021-04-17,86.0
1203,2021-04-18,90.0
1204,2021-04-19,80.0
1205,2021-04-20,101.0
1206,2021-04-21,78.0
1207,2021-04-22,99.0
1208,2021-04-23,93.0
1209,2021-04-24,74.0
1210,2021-04-25,79.0
1211,2021-04-26,74.0
1212,2021-04-27,86.0
1213,2021-04-28,70.0
1214,2021-04-29,84.0
1215,2021-04-30,68.0
1216,2021-05-01,69.0
1217,2021-05-02,87.0
1218,2021-05-03,72.0
1219,2021-05-04,69.0
1220,2021-05-05,74.0
1221,2021-05-06,72.0
1222,2021-05-07,64.0
1223,2021-05-08,71.0
1224,2021-05-09,63.0
1225,2021-05-10,58.0
1226,2021-05-11,54.0
1227,2021-05-12,54.0
1228,2021-05-13,50.0
1229,2021-05-14,57.0
1230,2021-05-15,57.0
1231,2021-05-16,51.0
1232,2021-05-17,55.0
1233,2021-05-18,50.0
1234,2021-05-19,47.0
1235,2021-05-20,58.0
1236,2021-05-21,69.0
1237,2021-05-22,69.0
1238,2021-05-23,65.0
1239,2021-05-24,69.0
1240,2021-05-25,68.0
1241,2021-05-26,66.0
1242,2021-05-27,68.0
1243,2021-05-28,63.0
1244,2021-05-29,60.0
1245,2021-05-30,54.0
1246,2021-05-31,54.0
1247,2021-06-01,54.0
1248,2021-06-02,50.0
1249,2021-06-03,65.0
1250,2021-06-04,60.0
1251,2021-06-05,56.0
1252,2021-06-06,59.0
1253,2021-06-07,62.0
1254,2021-06-08,66.0
1255,2021-06-09,70.0
1256,2021-06-10,70.0
1257,2021-06-11,74.0
1258,2021-06-12,86.0
1259,2021-06-13,71.0
1260,2021-06-14,101.0
1261,2021-06-15,64.0
1262,2021-06-16,69.0
1263,2021-06-17,81.0
1264,2021-06-18,97.0
1265,2021-06-19,76.0
1266,2021-06-20,63.0
1267,2021-06-21,126.0
1268,2021-06-22,98.0
1269,2021-06-23,89.0
1270,2021-06-24,73.0
1271,2021-06-25,60.0
1272,2021-06-26,63.0
1273,2021-06-27,64.0
1274,2021-06-28,63.0
1275,2021-06-29,76.0
1276,2021-06-30,61.0
1277,2021-07-01,69.0
1278,2021-07-02,70.0
1279,2021-07-03,71.0
1280,2021-07-04,70.0
1281,2021-07-05,76.0
1282,2021-07-06,83.0
1283,2021-07-07,89.0
1284,2021-07-08,79.0
1285,2021-07-09,71.0
1286,2021-07-10,76.0
1287,2021-07-11,79.0
1288,2021-07-12,88.0
1289,2021-07-13,65.0
1290,2021-07-14,76.0
1291,2021-07-15,62.0
1292,2021-07-16,67.0
1293,2021-07-17,72.0
1294,2021-07-18,67.0
1295,2021-07-19,88.0
1296,2021-07-20,72.0
1297,2021-07-21,64.0
1298,2021-07-22,72.0
1299,2021-07-23,104.0
1300,2021-07-24,73.0
1301,2021-07-25,69.0
1302,2021-07-26,61.0
1303,2021-07-27,60.0
1304,2021-07-28,66.0
1305,2021-07-29,65.0
1306,2021-07-30,56.0
1307,2021-07-31,55.0
1308,2021-08-01,70.0
1309,2021-08-02,71.0
1310,2021-08-03,51.0
1311,2021-08-04,57.0
1312,2021-08-05,59.0
1313,2021-08-06,74.0
1314,2021-08-07,66.0
1315,2021-08-08,61.0
1316,2021-08-09,59.0
1317,2021-08-10,64.0
1318,2021-08-11,69.0
1319,2021-08-12,65.0
1320,2021-08-13,64.0
1321,2021-08-14,65.0
1322,2021-08-15,55.0
1323,2021-08-16,71.0
1324,2021-08-17,67.0
1325,2021-08-18,72.0
1326,2021-08-19,64.0
1327,2021-08-20,67.0
1328,2021-08-21,70.0
1329,2021-08-22,59.0
1330,2021-08-23,60.0
1331,2021-08-24,74.0
1332,2021-08-25,66.0
1333,2021-08-26,74.0
1334,2021-08-27,89.0
1335,2021-08-28,67.0
1336,2021-08-29,74.0
1337,2021-08-30,81.0
1338,2021-08-31,66.0
1339,2021-09-01,70.0
1340,2021-09-02,57.0
1341,2021-09-03,59.0
1342,2021-09-04,76.0
1343,2021-09-05,66.0
1344,2021-09-06,51.0
1345,2021-09-07,72.0
1346,2021-09-08,54.0
1347,2021-09-09,69.0
1348,2021-09-10,57.0
1349,2021-09-11,65.0
1350,2021-09-12,70.0
1351,2021-09-13,85.0
1352,2021-09-14,70.0
1353,2021-09-15,64.0
1354,2021-09-16,67.0
1355,2021-09-17,73.0
1356,2021-09-18,70.0
1357,2021-09-19,71.0
1358,2021-09-20,75.0
1359,2021-09-21,66.0
1360,2021-09-22,58.0
1361,2021-09-23,66.0
1362,2021-09-24,74.0
1363,2021-09-25,66.0
1364,2021-09-26,65.0
1365,2021-09-27,76.0
1366,2021-09-28,71.0
1367,2021-09-29,53.0
1368,2021-09-30,66.0
1369,2021-10-01,73.0
1370,2021-10-02,67.0
1371,2021-10-03,65.0
1372,2021-10-04,72.0
1373,2021-10-05,58.0
1374,2021-10-06,76.0
1375,2021-10-07,62.0
1376,2021-10-08,70.0
1377,2021-10-09,64.0
1378,2021-10-10,58.0
1379,2021-10-11,62.0
1380,2021-10-12,52.0
1381,2021-10-13,77.0
1382,2021-10-14,103.0
1383,2021-10-15,55.0
1384,2021-10-16,82.0
1385,2021-10-17,69.0
1386,2021-10-18,70.0
1387,2021-10-19,60.0
1388,2021-10-20,66.0
1389,2021-10-21,83.0
1390,2021-10-22,84.0
1391,2021-10-23,90.0
1392,2021-10-24,81.0
1393,2021-10-25,82.0
1394,2021-10-26,91.0
1395,2021-10-27,102.0
1396,2021-10-28,121.0
1397,2021-10-29,135.0
1398,2021-10-30,108.0
1399,2021-10-31,114.0
1400,2021-11-01,136.0
1401,2021-11-02,88.0
1402,2021-11-03,135.0
1403,2021-11-04,138.0
1404,2021-11-05,118.0
1405,2021-11-06,83.0
1406,2021-11-07,83.0
1407,2021-11-08,157.0
1408,2021-11-09,187.0
1409,2021-11-10,177.0
1410,2021-11-11,202.0
1411,2021-11-12,208.0
1412,2021-11-13,197.0
1413,2021-11-14,196.0
1414,2021-11-15,178.0
1415,2021-11-16,192.0
1416,2021-11-17,54.0
1417,2021-11-18,57.0
1418,2021-11-19,91.0
1419,2021-11-20,70.0
1420,2021-11-21,70.0
1421,2021-11-22,61.0
1422,2021-11-23,73.0
1423,2021-11-24,94.0
1424,2021-11-25,134.0
1425,2021-11-26,112.0
1426,2021-11-27,112.0
1427,2021-11-28,146.0
1428,2021-11-29,154.0
1429,2021-11-30,115.0
1430,2021-12-01,116.0
1431,2021-12-02,80.0
1432,2021-12-03,81.0
1433,2021-12-04,46.0
1434,2021-12-05,84.0
1435,2021-12-06,68.0
1436,2021-12-07,145.0
1437,2021-12-08,175.0
1438,2021-12-09,151.0
1439,2021-12-10,150.0
1440,2021-12-11,164.0
1441,2021-12-12,183.0
1442,2021-12-13,203.0
1443,2021-12-14,151.0
1444,2021-12-15,103.0
1445,2021-12-16,160.0
1446,2021-12-17,162.0
1447,2021-12-18,211.0
1448,2021-12-19,280.0
1449,2021-12-20,274.0
1450,2021-12-21,200.0
1451,2021-12-22,197.0
1452,2021-12-23,196.0
1453,2021-12-24,168.0
1454,2021-12-25,145.0
1455,2021-12-26,121.0
1456,2021-12-27,153.0
1457,2021-12-28,184.0
1458,2021-12-29,161.0
1459,2021-12-30,184.0
1460,2021-12-31,128.0
1461,2022-01-01,160.0
1462,2022-01-02,109.0
1463,2022-01-03,124.0
1464,2022-01-04,167.0
1465,2022-01-05,155.0
1466,2022-01-06,131.0
1467,2022-01-07,158.0
1468,2022-01-08,94.0
1469,2022-01-09,102.0
1470,2022-01-10,90.0
1471,2022-01-11,94.0
1472,2022-01-12,76.0
1473,2022-01-13,162.0
1474,2022-01-14,137.0
1475,2022-01-15,125.0
1476,2022-01-16,127.0
1477,2022-01-17,131.0
1478,2022-01-18,109.0
1479,2022-01-19,102.0
1480,2022-01-20,93.0
1481,2022-01-21,93.0
1482,2022-01-22,103.0
1483,2022-01-23,132.0
1484,2022-01-24,340.0
1485,2022-01-25,250.0
1486,2022-01-26,198.0
1487,2022-01-27,
1488,2022-01-28,146.0
1489,2022-01-29,171.0
1490,2022-01-30,175.0
1491,2022-01-31,117.0
1492,2022-02-01,112.0
1493,2022-02-02,129.0
1494,2022-02-03,108.0
1495,2022-02-04,108.0
1496,2022-02-05,159.0
1497,2022-02-06,182.0
1498,2022-02-07,147.0
1499,2022-02-08,166.0
1500,2022-02-09,110.0
1501,2022-02-10,121.0
1502,2022-02-11,126.0
1503,2022-02-12,141.0
1504,2022-02-13,147.0
1505,2022-02-14,114.0
1506,2022-02-15,102.0
1507,2022-02-16,91.0
1508,2022-02-17,79.0
1509,2022-02-18,85.0
1510,2022-02-19,99.0
1511,2022-02-20,86.0
1512,2022-02-21,110.0
1513,2022-02-22,141.0
1514,2022-02-23,162.0
1515,2022-02-24,164.0
1516,2022-02-25,147.0
1517,2022-02-26,138.0
1518,2022-02-27,144.0
1519,2022-02-28,119.0
1520,2022-03-01,126.0
1521,2022-03-02,160.0
1522,2022-03-03,132.0
1523,2022-03-04,130.0
1524,2022-03-05,127.0
1525,2022-03-06,124.0
1526,2022-03-07,149.0
1527,2022-03-08,126.0
1528,2022-03-09,133.0
1529,2022-03-10,133.0
1530,2022-03-11,160.0
1531,2022-03-12,108.0
1532,2022-03-13,129.0
1533,2022-03-14,136.0
1534,2022-03-15,154.0
1535,2022-03-16,172.0
1536,2022-03-17,188.0
1537,2022-03-18,168.0
1538,2022-03-19,150.0
1539,2022-03-20,127.0
1540,2022-03-21,131.0
1541,2022-03-22,172.0
1542,2022-03-23,175.0
1543,2022-03-24,160.0
1544,2022-03-25,149.0
1545,2022-03-26,134.0
1546,2022-03-27,124.0
1547,2022-03-28,125.0
1548,2022-03-29,115.0
1549,2022-03-30,108.0
1550,2022-03-31,104.0
1551,2022-04-01,109.0
1552,2022-04-02,120.0
1553,2022-04-03,137.0
1554,2022-04-04,131.0
1555,2022-04-05,126.0
1556,2022-04-06,110.0
1557,2022-04-07,134.0
1558,2022-04-08,103.0
1559,2022-04-09,111.0
1560,2022-04-10,101.0
1561,2022-04-11,102.0
1562,2022-04-12,111.0
1563,2022-04-13,153.0
1564,2022-04-14,157.0
1565,2022-04-15,122.0
1566,2022-04-16,85.0
1567,2022-04-17,108.0
1568,2022-04-18,82.0
1569,2022-04-19,117.0
1570,2022-04-20,111.0
1571,2022-04-21,130.0
1572,2022-04-22,163.0
1573,2022-04-23,116.0
1574,2022-04-24,108.0
1575,2022-04-25,119.0
1576,2022-04-26,111.0
1577,2022-04-27,128.0
1578,2022-04-28,162.0
1579,2022-04-29,115.0
1580,2022-04-30,100.0
1581,2022-05-01,75.0
1582,2022-05-02,88.0
1583,2022-05-03,86.0
1584,2022-05-04,97.0
1585,2022-05-05,118.0
1586,2022-05-06,188.0
1587,2022-05-07,236.0
1588,2022-05-08,210.0
1589,2022-05-09,177.0
1590,2022-05-10,129.0
1591,2022-05-11,104.0
1592,2022-05-12,109.0
1593,2022-05-13,110.0
1594,2022-05-14,125.0
1595,2022-05-15,115.0
1596,2022-05-16,127.0
1597,2022-05-17,183.0
1598,2022-05-18,193.0
1599,2022-05-19,250.0
1600,2022-05-20,186.0
1601,2022-05-21,155.0
1602,2022-05-22,105.0
1603,2022-05-23,70.0
1604,2022-05-24,65.0
1605,2022-05-25,98.0
1606,2022-05-26,131.0
1607,2022-05-27,90.0
1608,2022-05-28,84.0
1609,2022-05-29,84.0
1610,2022-05-30,87.0
1611,2022-05-31,108.0
1612,2022-06-01,104.0
1613,2022-06-02,114.0
1614,2022-06-03,110.0
1615,2022-06-04,128.0
1616,2022-06-05,88.0
1617,2022-06-06,88.0
1618,2022-06-07,84.0
1619,2022-06-08,82.0
1620,2022-06-09,80.0
1621,2022-06-10,77.0
1622,2022-06-11,79.0
1623,2022-06-12,79.0
1624,2022-06-13,72.0
1625,2022-06-14,76.0
1626,2022-06-15,80.0
1627,2022-06-16,75.0
1628,2022-06-17,83.0
1629,2022-06-18,80.0
1630,2022-06-19,76.0
1631,2022-06-20,81.0
1632,2022-06-21,83.0
1633,2022-06-22,78.0
1634,2022-06-23,85.0
1635,2022-06-24,75.0
1636,2022-06-25,70.0
1637,2022-06-26,74.0
1638,2022-06-27,83.0
1639,2022-06-28,93.0
1640,2022-06-29,84.0
1641,2022-06-30,69.0
1642,2022-07-01,74.0
1643,2022-07-02,91.0
1644,2022-07-03,68.0
1645,2022-07-04,84.0
1646,2022-07-05,87.0
1647,2022-07-06,86.0
1648,2022-07-07,97.0
1649,2022-07-08,49.0
1650,2022-07-09,48.0
1651,2022-07-10,62.0
1652,2022-07-11,51.0
1653,2022-07-12,
1654,2022-07-13,
1655,2022-07-14,65.0
1656,2022-07-15,63.0
1657,2022-07-16,60.0
1658,2022-07-17,60.0
1659,2022-07-18,63.0
1660,2022-07-19,63.0
1661,2022-07-20,63.0
1662,2022-07-21,58.0
1663,2022-07-22,
1664,2022-07-23,
1665,2022-07-24,
1666,2022-07-25,
1667,2022-07-26,
1668,2022-07-27,
1669,2022-07-28,
1670,2022-07-29,
1671,2022-07-30,
1672,2022-07-31,
1673,2022-08-01,
1674,2022-08-02,
1675,2022-08-03,
1676,2022-08-04,
1677,2022-08-05,
1678,2022-08-06,
1679,2022-08-07,
1680,2022-08-08,
1681,2022-08-09,
1682,2022-08-10,
1683,2022-08-11,
1684,2022-08-12,
1685,2022-08-13,
1686,2022-08-14,
1687,2022-08-15,
1688,2022-08-16,
1689,2022-08-17,
1690,2022-08-18,
1691,2022-08-19,
1692,2022-08-20,
1693,2022-08-21,
1694,2022-08-22,
1695,2022-08-23,
1696,2022-08-24,
1697,2022-08-25,
1698,2022-08-26,
1699,2022-08-27,
1700,2022-08-28,
1701,2022-08-29,
1702,2022-08-30,
1703,2022-08-31,
1704,2022-09-01,
1705,2022-09-02,
1706,2022-09-03,
1707,2022-09-04,
1708,2022-09-05,
1709,2022-09-06,
1710,2022-09-07,
1711,2022-09-08,
1712,2022-09-09,
1713,2022-09-10,
1714,2022-09-11,
1715,2022-09-12,
1716,2022-09-13,
1717,2022-09-14,
1718,2022-09-15,44.0
1719,2022-09-16,
1720,2022-09-17,
1721,2022-09-18,
1722,2022-09-19,
1723,2022-09-20,
1724,2022-09-21,105.0
1725,2022-09-22,98.0
1726,2022-09-23,
1727,2022-09-24,59.0
1728,2022-09-25,
1729,2022-09-26,
1730,2022-09-27,
1731,2022-09-28,
1732,2022-09-29,
1733,2022-09-30,
1734,2022-10-01,
1735,2022-10-02,
1736,2022-10-03,
1737,2022-10-04,
1738,2022-10-05,
1739,2022-10-06,
1740,2022-10-07,
1741,2022-10-08,
1742,2022-10-09,
1743,2022-10-10,
1744,2022-10-11,
1745,2022-10-12,
1746,2022-10-13,
1747,2022-10-14,
1748,2022-10-15,
1749,2022-10-16,
1750,2022-10-17,
1751,2022-10-18,106.0
1752,2022-10-19,
1753,2022-10-20,52.0
1754,2022-10-21,43.0
1755,2022-10-22,
1756,2022-10-23,
1757,2022-10-24,
1758,2022-10-25,122.0
1759,2022-10-26,78.0
1760,2022-10-27,122.0
1761,2022-10-28,
1762,2022-10-29,
1763,2022-10-30,
1764,2022-10-31,
1765,2022-11-01,
1766,2022-11-02,
1767,2022-11-03,
1768,2022-11-04,
1769,2022-11-05,
1770,2022-11-06,
1771,2022-11-07,
1772,2022-11-08,
1773,2022-11-09,43.0
1774,2022-11-10,43.0
1775,2022-11-11,
1776,2022-11-12,
1777,2022-11-13,
1778,2022-11-14,
1779,2022-11-15,
1780,2022-11-16,
1781,2022-11-17,
1782,2022-11-18,
1783,2022-11-19,
1784,2022-11-20,296.0
1785,2022-11-21,325.0
1786,2022-11-22,44.0
1787,2022-11-23,43.0
1788,2022-11-24,43.0
1789,2022-11-25,
1790,2022-11-26,
1791,2022-11-27,
1792,2022-11-28,
1793,2022-11-29,
1794,2022-11-30,
1795,2022-12-01,
1796,2022-12-02,
1797,2022-12-03,
1798,2022-12-04,
1799,2022-12-05,
1800,2022-12-06,
1801,2022-12-07,153.0
1802,2022-12-08,173.0
1803,2022-12-09,174.0
1804,2022-12-10,
1805,2022-12-11,
1806,2022-12-12,
1807,2022-12-13,
1808,2022-12-14,
1809,2022-12-15,
1810,2022-12-16,
1811,2022-12-17,
1812,2022-12-18,
1813,2022-12-19,
1814,2022-12-20,
1815,2022-12-21,
1816,2022-12-22,
1817,2022-12-23,
1818,2022-12-24,
1819,2022-12-25,
1820,2022-12-26,
1821,2022-12-27,
1822,2022-12-28,
1823,2022-12-29,
1824,2022-12-30,
1825,2022-12-31,
1826,2023-01-01,
1827,2023-01-02,
1828,2023-01-03,
1829,2023-01-04,
1830,2023-01-05,
1831,2023-01-06,
1832,2023-01-07,
1833,2023-01-08,
1834,2023-01-09,
1835,2023-01-10,
1836,2023-01-11,
1837,2023-01-12,
1838,2023-01-13,
1839,2023-01-14,
1840,2023-01-15,
1841,2023-01-16,
1842,2023-01-17,
1843,2023-01-18,
1844,2023-01-19,
1845,2023-01-20,43.0
1846,2023-01-21,140.0
1847,2023-01-22,115.0
1848,2023-01-23,141.0
1849,2023-01-24,209.0
1850,2023-01-25,206.0
1851,2023-01-26,211.0
1852,2023-01-27,184.0
1853,2023-01-28,206.0
1854,2023-01-29,172.0
1855,2023-01-30,152.0
1856,2023-01-31,153.0
1857,2023-02-01,162.0
1858,2023-02-02,201.0
1859,2023-02-03,166.0
1860,2023-02-04,185.0
1861,2023-02-05,186.0
1862,2023-02-06,166.0
1863,2023-02-07,184.0
1864,2023-02-08,190.0
1865,2023-02-09,203.0
1866,2023-02-10,196.0
1867,2023-02-11,100.0
1868,2023-02-12,134.0
1869,2023-02-13,96.0
1870,2023-02-14,175.0
1871,2023-02-15,155.0
1872,2023-02-16,150.0
1873,2023-02-17,188.0
1874,2023-02-18,144.0
1875,2023-02-19,143.0
1876,2023-02-20,152.0
1877,2023-02-21,126.0
1878,2023-02-22,125.0
1879,2023-02-23,146.0
1880,2023-02-24,148.0
1881,2023-02-25,168.0
1882,2023-02-26,148.0
1883,2023-02-27,138.0
1884,2023-02-28,144.0
1885,2023-03-01,142.0
1886,2023-03-02,171.0
1887,2023-03-03,188.0
1888,2023-03-04,229.0
1889,2023-03-05,185.0
1890,2023-03-06,179.0
1891,2023-03-07,132.0
1892,2023-03-08,136.0
1893,2023-03-09,122.0
1894,2023-03-10,127.0
1895,2023-03-11,137.0
1896,2023-03-12,152.0
1897,2023-03-13,163.0
1898,2023-03-14,130.0
1899,2023-03-15,139.0
1900,2023-03-16,153.0
1901,2023-03-17,117.0
1902,2023-03-18,106.0
1903,2023-03-19,103.0
1904,2023-03-20,92.0
1905,2023-03-21,100.0
1906,2023-03-22,98.0
1907,2023-03-23,93.0
1908,2023-03-24,89.0
1909,2023-03-25,92.0
1910,2023-03-26,83.0
1911,2023-03-27,90.0
1912,2023-03-28,90.0
1913,2023-03-29,91.0
1914,2023-03-30,94.0
1915,2023-03-31,96.0
1916,2023-04-01,90.0
1917,2023-04-02,92.0
1918,2023-04-03,94.0
1919,2023-04-04,101.0
1920,2023-04-05,76.0
1921,2023-04-06,94.0
1922,2023-04-07,141.0
1923,2023-04-08,101.0
1924,2023-04-09,94.0
1925,2023-04-10,106.0
1926,2023-04-11,102.0
1927,2023-04-12,128.0
1928,2023-04-13,121.0
1929,2023-04-14,116.0
1930,2023-04-15,155.0
1931,2023-04-16,186.0
1932,2023-04-17,207.0
1933,2023-04-18,149.0
1934,2023-04-19,221.0
1935,2023-04-20,366.0
1936,2023-04-21,72.0
1937,2023-04-22,70.0
1938,2023-04-23,68.0
1939,2023-04-24,67.0
1940,2023-04-25,76.0
1941,2023-04-26,136.0
1942,2023-04-27,122.0
1943,2023-04-28,118.0
1944,2023-04-29,98.0
1945,2023-04-30,92.0
1946,2023-05-01,98.0
1947,2023-05-02,123.0
1948,2023-05-03,131.0
1949,2023-05-04,128.0
1950,2023-05-05,120.0
1951,2023-05-06,127.0
1952,2023-05-07,132.0
1953,2023-05-08,128.0
1954,2023-05-09,130.0
1955,2023-05-10,141.0
1956,2023-05-11,163.0
1957,2023-05-12,164.0
1958,2023-05-13,127.0
1959,2023-05-14,111.0
1960,2023-05-15,116.0
1961,2023-05-16,129.0
1962,2023-05-17,122.0
1963,2023-05-18,130.0
1964,2023-05-19,125.0
1965,2023-05-20,104.0
1966,2023-05-21,99.0
1967,2023-05-22,102.0
1968,2023-05-23,97.0
1969,2023-05-24,95.0
1970,2023-05-25,94.0
1971,2023-05-26,232.0
1972,2023-05-27,91.0
1973,2023-05-28,92.0
1974,2023-05-29,96.0
1975,2023-05-30,113.0
1976,2023-05-31,96.0
1977,2023-06-01,110.0
1978,2023-06-02,108.0
1979,2023-06-03,120.0
1980,2023-06-04,132.0
1981,2023-06-05,97.0
1982,2023-06-06,90.0
1983,2023-06-07,102.0
1984,2023-06-08,102.0
1985,2023-06-09,108.0
1986,2023-06-10,101.0
1987,2023-06-11,103.0
1988,2023-06-12,107.0
1989,2023-06-13,97.0
1990,2023-06-14,94.0
1991,2023-06-15,94.0
1992,2023-06-16,106.0
1993,2023-06-17,110.0
1994,2023-06-18,112.0
1995,2023-06-19,113.0
1996,2023-06-20,110.0
1997,2023-06-21,103.0
1998,2023-06-22,124.0
1999,2023-06-23,105.0
2000,2023-06-24,105.0
2001,2023-06-25,105.0
2002,2023-06-26,103.0
2003,2023-06-27,104.0
2004,2023-06-28,103.0
2005,2023-06-29,121.0
2006,2023-06-30,99.0
2007,2023-07-01,116.0
2008,2023-07-02,102.0
2009,2023-07-03,104.0
2010,2023-07-04,94.0
2011,2023-07-05,95.0
2012,2023-07-06,90.0
2013,2023-07-07,89.0
2014,2023-07-08,88.0
2015,2023-07-09,120.0
2016,2023-07-10,98.0
2017,2023-07-11,115.0
2018,2023-07-12,123.0
2019,2023-07-13,122.0
2020,2023-07-14,119.0
2021,2023-07-15,104.0
2022,2023-07-16,103.0
2023,2023-07-17,103.0
2024,2023-07-18,108.0
2025,2023-07-19,101.0
2026,2023-07-20,85.0
2027,2023-07-21,83.0
2028,2023-07-22,85.0
2029,2023-07-23,82.0
2030,2023-07-24,87.0
2031,2023-07-25,91.0
2032,2023-07-26,86.0
2033,2023-07-27,89.0
2034,2023-07-28,87.0
2035,2023-07-29,78.0
2036,2023-07-30,78.0
2037,2023-07-31,93.0
2038,2023-08-01,94.0
2039,2023-08-02,90.0
2040,2023-08-03,92.0
2041,2023-08-04,94.0
2042,2023-08-05,94.0
2043,2023-08-06,94.0
2044,2023-08-07,100.0
2045,2023-08-08,115.0
2046,2023-08-09,95.0
2047,2023-08-10,90.0
2048,2023-08-11,94.0
2049,2023-08-12,99.0
2050,2023-08-13,85.0
2051,2023-08-14,83.0
2052,2023-08-15,84.0
2053,2023-08-16,81.0
2054,2023-08-17,87.0
2055,2023-08-18,92.0
2056,2023-08-19,72.0
2057,2023-08-20,60.0
2058,2023-08-21,71.0
2059,2023-08-22,94.0
2060,2023-08-23,79.0
2061,2023-08-24,84.0
2062,2023-08-25,81.0
2063,2023-08-26,78.0
2064,2023-08-27,79.0
2065,2023-08-28,82.0
2066,2023-08-29,83.0
2067,2023-08-30,104.0
2068,2023-08-31,115.0
2069,2023-09-01,107.0
2070,2023-09-02,73.0
2071,2023-09-03,70.0
2072,2023-09-04,77.0
2073,2023-09-05,95.0
2074,2023-09-06,104.0
2075,2023-09-07,92.0
2076,2023-09-08,74.0
2077,2023-09-09,79.0
2078,2023-09-10,87.0
2079,2023-09-11,81.0
2080,2023-09-12,83.0
2081,2023-09-13,78.0
2082,2023-09-14,79.0
2083,2023-09-15,79.0
2084,2023-09-16,76.0
2085,2023-09-17,77.0
2086,2023-09-18,82.0
2087,2023-09-19,77.0
2088,2023-09-20,73.0
2089,2023-09-21,70.0
2090,2023-09-22,72.0
2091,2023-09-23,73.0
2092,2023-09-24,76.0
2093,2023-09-25,80.0
2094,2023-09-26,86.0
2095,2023-09-27,86.0
2096,2023-09-28,110.0
2097,2023-09-29,101.0
2098,2023-09-30,98.0
2099,2023-10-01,94.0
2100,2023-10-02,103.0
2101,2023-10-03,113.0
2102,2023-10-04,131.0
2103,2023-10-05,127.0
2104,2023-10-06,126.0
2105,2023-10-07,128.0
2106,2023-10-08,154.0
2107,2023-10-09,134.0
2108,2023-10-10,144.0
2109,2023-10-11,117.0
2110,2023-10-12,130.0
2111,2023-10-13,172.0
2112,2023-10-14,167.0
2113,2023-10-15,154.0
2114,2023-10-16,164.0
2115,2023-10-17,176.0
2116,2023-10-18,170.0
2117,2023-10-19,152.0
2118,2023-10-20,158.0
2119,2023-10-21,176.0
2120,2023-10-22,127.0
2121,2023-10-23,145.0
2122,2023-10-24,138.0
2123,2023-10-25,126.0
2124,2023-10-26,147.0
2125,2023-10-27,125.0
2126,2023-10-28,137.0
2127,2023-10-29,163.0
2128,2023-10-30,154.0
2129,2023-10-31,148.0
2130,2023-11-01,158.0
2131,2023-11-02,149.0
2132,2023-11-03,163.0
2133,2023-11-04,178.0
2134,2023-11-05,183.0
2135,2023-11-06,151.0
2136,2023-11-07,168.0
2137,2023-11-08,121.0
2138,2023-11-09,95.0
2139,2023-11-10,94.0
2140,2023-11-11,108.0
2141,2023-11-12,165.0
2142,2023-11-13,262.0
2143,2023-11-14,183.0
2144,2023-11-15,165.0
2145,2023-11-16,155.0
2146,2023-11-17,142.0
2147,2023-11-18,176.0
2148,2023-11-19,153.0
2149,2023-11-20,133.0
2150,2023-11-21,129.0
2151,2023-11-22,149.0
2152,2023-11-23,140.0
2153,2023-11-24,133.0
2154,2023-11-25,131.0
2155,2023-11-26,118.0
2156,2023-11-27,79.0
2157,2023-11-28,99.0
2158,2023-11-29,115.0
2159,2023-11-30,108.0
2160,2023-12-01,107.0
2161,2023-12-02,105.0
2162,2023-12-03,127.0
2163,2023-12-04,121.0
2164,2023-12-05,115.0
2165,2023-12-06,147.0
2166,2023-12-07,135.0
2167,2023-12-08,130.0
2168,2023-12-09,132.0
2169,2023-12-10,155.0
2170,2023-12-11,157.0
2171,2023-12-12,131.0
2172,2023-12-13,132.0
2173,2023-12-14,156.0
2174,2023-12-15,171.0
2175,2023-12-16,182.0
2176,2023-12-17,171.0
2177,2023-12-18,163.0
2178,2023-12-19,174.0
2179,2023-12-20,168.0
2180,2023-12-21,186.0
2181,2023-12-22,211.0
2182,2023-12-23,215.0
2183,2023-12-24,191.0
2184,2023-12-25,205.0
2185,2023-12-26,231.0
2186,2023-12-27,177.0
2187,2023-12-28,194.0
2188,2023-12-29,196.0
2189,2023-12-30,177.0
2190,2023-12-31,145.0
2191,2024-01-01,142.0
2192,2024-01-02,141.0
2193,2024-01-03,156.0
2194,2024-01-04,156.0
2195,2024-01-05,148.0
2196,2024-01-06,126.0
2197,2024-01-07,119.0
2198,2024-01-08,93.0
2199,2024-01-09,116.0
2200,2024-01-10,91.0
2201,2024-01-11,117.0
2202,2024-01-12,131.0
2203,2024-01-13,142.0
2204,2024-01-14,160.0
2205,2024-01-15,83.0
2206,2024-01-16,94.0
2207,2024-01-17,111.0
2208,2024-01-18,96.0
2209,2024-01-19,105.0
2210,2024-01-20,103.0
2211,2024-01-21,134.0
2212,2024-01-22,116.0
2213,2024-01-23,114.0
2214,2024-01-24,123.0
2215,2024-01-25,129.0
2216,2024-01-26,157.0
2217,2024-01-27,146.0
2218,2024-01-28,176.0
2219,2024-01-29,188.0
2220,2024-01-30,148.0
2221,2024-01-31,131.0
2222,2024-02-01,107.0
2223,2024-02-02,108.0
2224,2024-02-03,140.0
2225,2024-02-04,154.0
2226,2024-02-05,129.0
2227,2024-02-06,162.0
2228,2024-02-07,116.0
2229,2024-02-08,131.0
2230,2024-02-09,139.0
2231,2024-02-10,124.0
2232,2024-02-11,114.0
2233,2024-02-12,130.0
2234,2024-02-13,131.0
2235,2024-02-14,134.0
2236,2024-02-15,130.0
2237,2024-02-16,122.0
2238,2024-02-17,123.0
2239,2024-02-18,130.0
2240,2024-02-19,107.0
2241,2024-02-20,83.0
2242,2024-02-21,81.0
2243,2024-02-22,88.0
2244,2024-02-23,113.0
2245,2024-02-24,123.0
2246,2024-02-25,120.0
2247,2024-02-26,131.0
2248,2024-02-27,134.0
2249,2024-02-28,105.0
2250,2024-02-29,119.0
2251,2024-03-01,117.0
2252,2024-03-02,95.0
2253,2024-03-03,78.0
2254,2024-03-04,83.0
2255,2024-03-05,120.0
2256,2024-03-06,147.0
2257,2024-03-07,131.0
2258,2024-03-08,132.0
2259,2024-03-09,120.0
2260,2024-03-10,113.0
2261,2024-03-11,121.0
2262,2024-03-12,144.0
2263,2024-03-13,102.0
2264,2024-03-14,106.0
2265,2024-03-15,108.0
2266,2024-03-16,104.0
2267,2024-03-17,107.0
2268,2024-03-18,92.0
2269,2024-03-19,100.0
2270,2024-03-20,114.0
2271,2024-03-21,130.0
2272,2024-03-22,136.0
2273,2024-03-23,131.0
2274,2024-03-24,126.0
2275,2024-03-25,126.0
2276,2024-03-26,129.0
2277,2024-03-27,119.0
2278,2024-03-28,116.0
2279,2024-03-29,120.0
2280,2024-03-30,131.0
2281,2024-03-31,117.0
2282,2024-04-01,99.0
2283,2024-04-02,113.0
2284,2024-04-03,124.0
2285,2024-04-04,109.0
2286,2024-04-05,115.0
2287,2024-04-06,113.0
2288,2024-04-07,103.0
2289,2024-04-08,100.0
2290,2024-04-09,96.0
2291,2024-04-10,106.0
2292,2024-04-11,120.0
2293,2024-04-12,101.0
2294,2024-04-13,93.0
2295,2024-04-14,88.0
2296,2024-04-15,111.0
2297,2024-04-16,113.0
2298,2024-04-17,117.0
2299,2024-04-18,105.0
2300,2024-04-19,99.0
2301,2024-04-20,101.0
2302,2024-04-21,91.0
2303,2024-04-22,97.0
2304,2024-04-23,88.0
2305,2024-04-24,95.0
2306,2024-04-25,87.0
2307,2024-04-26,82.0
2308,2024-04-27,96.0
2309,2024-04-28,109.0
2310,2024-04-29,113.0
2311,2024-04-30,106.0
2312,2024-05-01,117.0
2313,2024-05-02,96.0
2314,2024-05-03,105.0
2315,2024-05-04,109.0
2316,2024-05-05,95.0
2317,2024-05-06,75.0
2318,2024-05-07,78.0
2319,2024-05-08,103.0
2320,2024-05-09,102.0
2321,2024-05-10,102.0
2322,2024-05-11,112.0
2323,2024-05-12,70.0
2324,2024-05-13,121.0
2325,2024-05-14,104.0
2326,2024-05-15,149.0
2327,2024-05-16,134.0
2328,2024-05-17,156.0
2329,2024-05-18,140.0
2330,2024-05-19,126.0
2331,2024-05-20,101.0
2332,2024-05-21,108.0
2333,2024-05-22,115.0
2334,2024-05-23,81.0
2335,2024-05-24,88.0
2336,2024-05-25,94.0
2337,2024-05-26,102.0
2338,2024-05-27,81.0
2339,2024-05-28,84.0
2340,2024-05-29,68.0
2341,2024-05-30,78.0
2342,2024-05-31,85.0
2343,2024-06-01,70.0
2344,2024-06-02,64.0
2345,2024-06-03,70.0
2346,2024-06-04,77.0
2347,2024-06-05,73.0
2348,2024-06-06,100.0
2349,2024-06-07,61.0
2350,2024-06-08,72.0
2351,2024-06-09,53.0
2352,2024-06-10,66.0
2353,2024-06-11,57.0
2354,2024-06-12,60.0
2355,2024-06-13,58.0
2356,2024-06-14,49.0
2357,2024-06-15,48.0
2358,2024-06-16,44.0
2359,2024-06-17,56.0
2360,2024-06-18,54.0
2361,2024-06-19,50.0
2362,2024-06-20,52.0
2363,2024-06-21,53.0
2364,2024-06-22,58.0
2365,2024-06-23,58.0
2366,2024-06-24,49.0
2367,2024-06-25,62.0
2368,2024-06-26,55.0
2369,2024-06-27,55.0
2370,2024-06-28,63.0
2371,2024-06-29,57.0
2372,2024-06-30,50.0
2373,2024-07-01,48.0
2374,2024-07-02,48.0
2375,2024-07-03,61.0
2376,2024-07-04,62.0
2377,2024-07-05,49.0
2378,2024-07-06,63.0
2379,2024-07-07,54.0
2380,2024-07-08,57.0
2381,2024-07-09,60.0
2382,2024-07-10,56.0
2383,2024-07-11,48.0
2384,2024-07-12,52.0
2385,2024-07-13,49.0
2386,2024-07-14,46.0
2387,2024-07-15,51.0
2388,2024-07-16,49.0
2389,2024-07-17,49.0
2390,2024-07-18,47.0
2391,2024-07-19,48.0
2392,2024-07-20,52.0
2393,2024-07-21,51.0
2394,2024-07-22,51.0
2395,2024-07-23,59.0
2396,2024-07-24,56.0
2397,2024-07-25,62.0
2398,2024-07-26,48.0
2399,2024-07-27,49.0
2400,2024-07-28,50.0
2401,2024-07-29,49.0
2402,2024-07-30,50.0
2403,2024-07-31,46.0
2404,2024-08-01,48.0
2405,2024-08-02,55.0
2406,2024-08-03,52.0
2407,2024-08-04,52.0
2408,2024-08-05,49.0
2409,2024-08-06,44.0
2410,2024-08-07,47.0
2411,2024-08-08,40.0
2412,2024-08-09,48.0
2413,2024-08-10,46.0
2414,2024-08-11,46.0
2415,2024-08-12,44.0
2416,2024-08-13,45.0
2417,2024-08-14,58.0
2418,2024-08-15,63.0
2419,2024-08-16,60.0
2420,2024-08-17,59.0
2421,2024-08-18,62.0
2422,2024-08-19,69.0
2423,2024-08-20,67.0
2424,2024-08-21,66.0
2425,2024-08-22,66.0
2426,2024-08-23,52.0
2427,2024-08-24,45.0
2428,2024-08-25,40.0
2429,2024-08-26,45.0
2430,2024-08-27,47.0
2431,2024-08-28,46.0
2432,2024-08-29,55.0
2433,2024-08-30,52.0
2434,2024-08-31,53.0
2435,2024-09-01,60.0
2436,2024-09-02,51.0
2437,2024-09-03,42.0
2438,2024-09-04,49.0
2439,2024-09-05,47.0
2440,2024-09-06,45.0
2441,2024-09-07,49.0
2442,2024-09-08,44.0
2443,2024-09-09,49.0
2444,2024-09-10,48.0
2445,2024-09-11,44.0
2446,2024-09-12,45.0
2447,2024-09-13,62.0
2448,2024-09-14,58.0
2449,2024-09-15,50.0
2450,2024-09-16,49.0
2451,2024-09-17,53.0
2452,2024-09-18,59.0
2453,2024-09-19,71.0
2454,2024-09-20,78.0
2455,2024-09-21,76.0
2456,2024-09-22,66.0
2457,2024-09-23,74.0
2458,2024-09-24,65.0
2459,2024-09-25,59.0
2460,2024-09-26,52.0
2461,2024-09-27,45.0
2462,2024-09-28,47.0
2463,2024-09-29,53.0
2464,2024-09-30,65.0
2465,2024-10-01,82.0
2466,2024-10-02,89.0
2467,2024-10-03,80.0
2468,2024-10-04,71.0
2469,2024-10-05,60.0
2470,2024-10-06,71.0
2471,2024-10-07,101.0
2472,2024-10-08,92.0
2473,2024-10-09,98.0
2474,2024-10-10,91.0
2475,2024-10-11,57.0
2476,2024-10-12,57.0
2477,2024-10-13,61.0
2478,2024-10-14,64.0
2479,2024-10-15,60.0
2480,2024-10-16,66.0
2481,2024-10-17,70.0
2482,2024-10-18,72.0
2483,2024-10-19,69.0
2484,2024-10-20,45.0
2485,2024-10-21,59.0
2486,2024-10-22,70.0
2487,2024-10-23,70.0
2488,2024-10-24,125.0
2489,2024-10-25,129.0
2490,2024-10-26,113.0
2491,2024-10-27,107.0
2492,2024-10-28,110.0
2493,2024-10-29,126.0
2494,2024-10-30,137.0
2495,2024-10-31,121.0
2496,2024-11-01,114.0
2497,2024-11-02,208.0
2498,2024-11-03,140.0
2499,2024-11-04,126.0
2500,2024-11-05,126.0
2501,2024-11-06,140.0
2502,2024-11-07,123.0
2503,2024-11-08,150.0
2504,2024-11-09,135.0
2505,2024-11-10,136.0
2506,2024-11-11,154.0
2507,2024-11-12,166.0
2508,2024-11-13,137.0
2509,2024-11-14,132.0
2510,2024-11-15,134.0
2511,2024-11-16,126.0
2512,2024-11-17,157.0
2513,2024-11-18,145.0
2514,2024-11-19,166.0
2515,2024-11-20,174.0
2516,2024-11-21,184.0
2517,2024-11-22,190.0
2518,2024-11-23,205.0
2519,2024-11-24,192.0
2520,2024-11-25,204.0
2521,2024-11-26,162.0
2522,2024-11-27,149.0
2523,2024-11-28,162.0
2524,2024-11-29,148.0
2525,2024-11-30,188.0
2526,2024-12-01,191.0
2527,2024-12-02,176.0
2528,2024-12-03,111.0
2529,2024-12-04,88.0
2530,2024-12-05,110.0
2531,2024-12-06,111.0
2532,2024-12-07,88.0
2533,2024-12-08,83.0
2534,2024-12-09,106.0
2535,2024-12-10,119.0
2536,2024-12-11,165.0
2537,2024-12-12,169.0
2538,2024-12-13,140.0
2539,2024-12-14,153.0
2540,2024-12-15,155.0
2541,2024-12-16,159.0
2542,2024-12-17,170.0
2543,2024-12-18,179.0
2544,2024-12-19,175.0
2545,2024-12-20,120.0
2546,2024-12-21,127.0
2547,2024-12-22,102.0
2548,2024-12-23,88.0
2549,2024-12-24,106.0
2550,2024-12-25,139.0
2551,2024-12-26,127.0
2552,2024-12-27,109.0
2553,2024-12-28,95.0
2554,2024-12-29,110.0
2555,2024-12-30,87.0
2556,2024-12-31,103.0
